	x	y	stop_id	stop_name	stop_line	stop_info	open_date	close_date	start_map	end_map	ratp_id
0	2.28387568716049	48.876717272415284	19081	Porte Maillot	1		1900-07-19		1908	1950	2433.0
1	2.2775936853855	48.8722530788523	19082	Porte Dauphine	2 Nord		1900-12-13		1908	1908	2414.0
2	2.27746560259366	48.8707801267461	19083	Porte Dauphine	2 Nord		1900-12-13		1908	1908	2414.0
3	2.28559885987542	48.8699475885992	19084	Victor Hugo	2 Nord	The station is named after Victor Hugo (1802-1885), a poet, writer, member of the French national assembly and later senator.	1900-12-13		1908	1908	2504.0
4	2.28828859850403	48.875327065856396	19085	Obligado	1		1900-07-19	1948-05-25	1908	1915	2048.0
5	2.2951410278674103	48.8747506932931	19086	Etoile	2 Nord		1900-07-19		1908	1908	2030.0
6	2.2985352218511297	48.8780808458809	19087	Ternes	2 Nord		1902-10-07		1908	1908	1684.0
7	2.30327428514916	48.879169549611596	19088	Courcelles	2 Nord		1902-10-07		1908	1908	2179.0
8	2.30814143123904	48.8805144189259	19089	Monceau	2 Nord		1902-10-07		1908	1908	1822.0
9	2.31307261872483	48.881218874281	190810	Villiers	2 Nord		1902-10-07		1908	1908	1630.0
10	2.29219512365511	48.87058800255841	190811	Kleber	2 Sud		1900-10-02		1908	1908	2234.0
11	2.3000722153532003	48.8714205407053	190812	Alma	1	The station was named after the Battle of Alma - a Franco-British victory against the Russians in the Crimean War in 1854.	1900-07-19	1920-05-27	1908	1915	1961.0
12	2.28976155061018	48.8672578499706	190813	Boissière	2 Sud		1900-10-02		1908	1908	2122.0
13	2.31941271692084	48.882179495219795	190814	Rome	2 Nord		1902-10-07		1908	1908	1707.0
14	2.3049393614430698	48.8700116299951	190815	Marbeuf	1		1900-07-19	1946-10-30	1908	1915	1946.0
15	2.28764818454484	48.86418386296639	190816	Trocadero	2 Sud	For the Exposition Internationale of 1937, the old Palais du Trocadéro was partially demolished and rebuilt as the Palais de Chaillot which now tops the hill.	1900-10-02		1908	1908	1687.0
16	2.2847663217284704	48.858676302917395	190817	Passy	2 Sud		1903-11-05		1908	1908	1780.0
17	2.31345686710034	48.867385932762396	190818	Champs-Elysées	1	The station was named for the Elysian Fields - 'heaven' in Greek mythology. The boulevard was laid out in the 17th century and is part of the axe historique, linking place de la Concorde with the Arc de Triomphe.	1900-07-19		1908	1915	2544.0
18	2.32773809839036	48.883972654305495	190819	Clichy	2 Nord		1902-10-07		1908	1908	1796.0
19	2.33177270633328	48.883972654305495	190820	Blanche	2 Nord	The station is home to the famous Moulin Rouge, which was co-founded in 1889 by businessmen Charles Zidler and Joseph Oller.	1902-10-07		1908	1908	2120.0
20	2.33740834917419	48.8826918263871	190821	Pigalle	2 Nord		1902-10-07		1908	1908	1792.0
21	2.32287095230049	48.8759674798156	190822	Gare Saint-Lazare	3		1904-10-19		1908	1950	2468.0
22	2.2889930538591496	48.8540012810153	190823	Grenelle	2 Sud		1906-04-24		1908	1908	2069.0
23	2.32447198719847	48.8657848978644	190824	Concorde	1	Place de la Concorde was designed by Ange-Jacques Gabriel in 1755 as a moat-skirted octagon between the Champs-Elysées to the west and the Tuileries Garden to the east. 	1900-07-19		1908	1950	2172.0
24	2.3299155058516203	48.864119821570505	190825	Tuileries	1	Filled with fountains, classical sculptures and magnificent panoramas every way you turn, the Tuileries Gardens was laid out in 1664 by André Le Nôtre, architect of the gardens at Versailles.	1900-07-19		1908	1950	1688.0
25	2.3367679352149904	48.862070496901104	190826	Palais Royal	1	Konwn initially as the Palais-Cardinal, a personal residence of Cardinal Richelieu. After Richelieu's death in 1642 the palace became the property of the King gaining the new name.	1900-07-19		1908	1950	2383.0
26	2.32908296770467	48.873277741187	190827	Caumartin	3		1904-10-19		1908	1915	2286.0
27	2.33260524448023	48.870908209538	190828	Opéra	3	Designed in 1860 by Charles Garnier - then an unknown 35-year-old architect - the opera house was part of Baron Haussmann's massive urban renovation project.	1904-10-19		1908	1950	2314.0
28	2.34426077853756	48.883396281742286	190829	Anvers	2 Nord	The station is home to Élysée Montmartre, a ballroom inaugurated in 1807. It was made famous by the quadrille naturaliste - later to become the French Cancan - a frenetic dance in which the women throw up their skirts in time to the music.	1902-10-07		1908	1908	2046.0
29	2.34938409021111	48.884356902681	190830	Barbès	4	In this station, the French resistance launched its first attack against the Nazi occupier during World War II.	1903-01-31		1908	1908	2061.0
30	2.29283553761431	48.8501587972601	190831	Dupleix	2 Sud		1906-04-24		1908	1908	2251.0
31	2.2970622697449903	48.848685845154	190832	Motte-Picquet	2 Sud		1906-04-24		1908	1908	2241.0
32	2.30128900187566	48.847276934443705	190833	Cambronne	2 Sud		1906-04-24		1908	1908	2135.0
33	2.3076931414676003	48.845227609774284	190834	Sèvres	2 Sud		1906-04-24		1908	1908	1665.0
34	2.3489998418355897	48.888391510624	190835	Chateau-Rouge	4		1908-04-21		1908	1950	2033.0
35	2.33638368683948	48.8693712160359	190836	4 Septembre	3		1904-10-19		1908	1950	1760.0
36	2.34125083292935	48.8682825123053	190837	Bourse	3	In 1808, Napoleon I laid the foundation of the Palais Brongniart, designed by the architect Alexandre-Théodore Brongniart and intended to host the Paris Stock Exchange.	1904-10-19		1908	1950	2196.0
37	2.3457337306437003	48.867385932762396	190838	Sentier	3		1904-10-19		1908	1950	2542.0
38	2.3539950707173	48.869435257431796	190839	Saint-Denis	4		1908-04-21		1908	1915	1678.0
39	2.35572418840712	48.87244520304	190840	Rue du Chateau d'Eau	4		1908-04-21		1908	1950	2034.0
40	2.3572611819091898	48.8768000179626	190841	Gare de l'Est	4	Gare de l’Est, built between 1847 and 1850, is the departure point for trains to eastern France. During WWI, thousands of men left for the front from this mainline station.	1907-11-15		1908	1950	1954.0
41	2.36103962426843	48.870972250933896	190842	Lancry	5	The station will later be renamed after Jacques Bonsergent who was the first civilian Parisian shot during the German occupation in 1940.	1906-12-17	1946-02-10	1908	1950	1898.0
42	2.35578822980304	48.8654646908848	190843	Arts et Métiers	3	The station was named after the museum of Arts et métiers. This museum was founded in the 18th century by Abbot Grégoire as 'a store for useful new inventions'. Housed in the former Benedictine church and priory of Saint-Martin-des-Champs, it exhibits some of the world's greatest inventions, from Pascal's calculating devices and celestial spheres to the first computers, steam-powered vehicles, and even airplanes (including the monoplane of Louis Blériot who flew across the English Channel in 1909)	1904-10-19		1908	1950	2051.0
43	2.34560564785187	48.8623907038807	190844	Halles	4	Louis VI created Halles (markets) in 1137 for the merchants who converged on the city centre to sell their wares, and for over 800 years they were, in the words of the French novelist Émile Zola, the 'belly of Paris'.	1908-04-21		1908	1950	2322.0
44	2.3415710399089504	48.860469462003095	190845	Louvre	1	Napoléon Bonaparte's military campaigns at the turn of the 19th century brought constant influx of holdings to the Louvre museum, as his soldiers carried off treasures from each invaded country. During WWII the most precious artworks were hidden there, while the remainder was looted.	1900-07-19		1908	1950	1864.0
45	2.34880771764783	48.863991738778715	190846	Etienne-Marcel	4		1908-04-21		1908	1950	2259.0
46	2.35258616000708	48.8570112266235	190847	Hôtel de Ville	1	Ever since 1357, the City of Paris' administration has been located on the same location where the Hôtel de Ville stands today.	1900-07-19		1908	1950	1892.0
47	2.3465022273947405	48.8587403443133	190848	Châtelet	1	The station is named after the Grand Châtelet, a castle over the northern approach to the old Pont au Change over the Seine to the Île de la Cité, which was demolished by Napoléon in 1802. Châtelet is a medieval French term for barbican, a small castle that overlooks a bridge.	1900-07-19		1908	1950	1966.0
48	2.34778305531312	48.8546416949745	190849	Cité	4	Île de la Cité was the site of the first settlement in Paris (c 3rd century BC) and later the centre of Roman Lutetia. The island remained the hub of royal and ecclesiastical power, even after the city spread to both banks of the Seine in the Middle Ages.	1910-01-09		1908	1950	2230.0
49	2.3470145585620896	48.859765006648	190850	Châtelet	4		1900-07-19		1908	1950	1966.0
50	2.34791113810496	48.8587403443133	190851	Châtelet	4				1908	1908	
51	2.3424035780559	48.85265641170101	190852	Place Saint-Michel	4		1910-01-09		1908	1950	2472.0
52	2.33804876313338	48.851759832158095	190853	Odeon	4		1910-01-09		1908	1950	2533.0
53	2.33471861054557	48.8524642875132	190854	Saint-Germain-des-Prés	4		1910-01-09		1908	1950	2466.0
54	2.33113229237409	48.8504149628438	190855	Saint Sulpice	4		1910-01-09		1908	1950	2411.0
55	2.3288268021209904	48.8480454311948	190856	Vaugirard	4		1910-01-09	1913-11-15	1908	1908	1731.0
56	2.32562473232502	48.8432423265008	190857	Gare Montparnasse	4		1910-01-09		1908	1915	1824.0
57	2.3208856690269903	48.84164129160279	190858	Maine	2 Sud		1906-04-24	1933-06-30	1908	1908	4944.0
58	2.31225086734149	48.8414730980403	190859	Pasteur	2 Sud		1906-04-24		1908	1908	2392.0
59	2.35515227000889	48.88080327404389	190860	Gare du Nord	5		1907-11-15		1908	1950	2212.0
60	2.35099750957646	48.8844445247599	190861	Barbès	2 Nord		1903-01-31		1908	1908	2061.0
61	2.35916698233685	48.8851447652823	190862	La Chapelle	2 Nord		1903-01-31		1908	1908	2235.0
62	2.3642087140975403	48.885051399879295	190863	Aubervilliers	2 Nord		1903-01-31	1946-02-10	1908	1908	2484.0
63	2.34908351881546	48.8914002472816	190864	Marcadet	4		1908-04-21		1908	1915	2535.0
64	2.3466093356366	48.894901449893204	190865	Simplon	4		1908-04-21		1908	1950	1668.0
65	2.36920376315675	48.88267058210339	190866	Allemagne	2 Nord		1903-01-31	1914-08-01	1908	1908	1900.0
66	2.37069760960436	48.8776288503427	190867	Combat	2 Nord		1903-01-31	1945-08-19	1908	1908	1978.0
67	2.36518905082879	48.866938511702	190868	Place de la République	3		1906-12-17		1908	1950	2527.0
68	2.3435282773384	48.8984026525048	190869	Porte de Clignancourt	4		1908-04-21		1908	1950	2420.0
69	2.37620616837994	48.87212029156711	190870	Belleville	2 Nord		1903-01-31		1908	1908	2115.0
70	2.37975405369302	48.8689925505674	190871	Couronnes	2 Nord	The station was the site of a fire and stampede that caused the worst catastrophe in the history of the Paris Metro, killing 84 people on 10 August 1903. Indeed, a technical problem triggered a fire in-between two stations. Passengers were evacuated at the Couronnes station but people remained on the platform, asking for a ticket refund. Suddenly, light went out and left place to the panic movement of the crowd that led to the disaster.	1903-01-31		1908	1908	2128.0
71	2.3834886698120497	48.8666117327915	190872	Menilmontant	2 Nord		1903-01-31		1908	1908	2351.0
72	2.38656972811026	48.862830433971006	190873	Père-Lachaise	3	It is in this station that the first moving staircase will be installed in 1909, which will be covering thirty centimeters a second. Hundreds of other escalators will follow that first installation.	1904-10-19		1908	1950	2394.0
73	2.39403896034832	48.86455769392611	190874	Martin-Nadaud	3	This station will be absorbed into Gambetta station following a line reorganisation in 1969. It is now a ghost station.	1905-01-25	1969-08-23	1908	1950	4576.0
74	2.38932400749804	48.8585823081356	190875	Philippe-Auguste	2 Nord		1903-01-31		1908	1908	2398.0
75	2.39786694187033	48.8651645690454	190876	Gambetta	3	Born in 1838, Léon Gambetta helped create the Third Republic. Maybe this is why the lawyer and statesman’s name graces the former terminus of Line 3.	1905-01-25		1908	1950	1659.0
76	2.39361881603493	48.856248173061196	190877	Bagnolet	2 Nord	The station will be later renamed from Bagnolet to Alexandre Dumas, a French writer.	1903-01-31	1970-09-13	1908	1908	2041.0
77	2.37382535060405	48.8653512998514	190878	Parmentier	3		1904-10-19		1908	1950	1779.0
78	2.37849362075285	48.86432428041861	190879	Saint-Maur	3		1904-10-19		1908	1950	1728.0
79	2.36948385936568	48.863717405299305	190880	Oberkampf	5		1906-12-17		1908	1950	2310.0
80	2.37125780202222	48.86068302970261	190881	Richard-Lenoir	5		1906-12-17		1908	1950	1700.0
81	2.370184099888	48.8576486541059	190882	Breguet-Sabin	5		1906-12-17		1908	1950	2008.0
82	2.36841015723146	48.853960720688285	190883	La Bastille	5	Before it became a prison, the Bastille St-Antoine was a defensive fortress with eight immense towers and a wide moat. It was built by Charles V in the late 14th century and transformed into a prison during the reign of Louis XIII (1610–43). Famous occupants included Voltaire, the Marquis de Sade, and the Man in the Iron Mask.	1900-07-19		1908	1950	2062.0
83	2.36075419418744	48.855174470927	190884	Saint-Paul	1		1900-07-19		1908	1950	2522.0
84	2.36635611836599	48.8498526429574	190885	Arsenal	5	The station closed on 2 September 1939, as a result of the mobilization of employees of the Compagnie du chemin de fer métropolitain de Paris (CMP) in WWII. It was never reopened and today serves as a training centre for RATP agents.	1906-12-17	1939-09-02	1908	1950	6545.0
85	2.39660650893016	48.852466874240704	190886	Avron	2 Nord		1903-04-02		1908	1908	2107.0
86	2.37293837927578	48.846071344136895	190887	Gare de Lyon	1	The train station originally opened to the public in 1849 under the name 'Embarcadère de chemin de fer de Paris à Montereau'. It was then refurbished for the World Exposition of 1900. On multiple levels, it is considered a classic example of the architecture of its time. Most notable is the large clock tower atop one corner of the station, similar in style to the clock tower of t	1900-07-19		1908	1950	2210.0
87	2.36663621457492	48.8463047576443	190888	Austerlitz	5		1906-07-14	1916-06-01	1908	1915	1759.0
88	2.3643954449035003	48.8427568723312	190889	Orléans	5		1906-06-02	1930-10-15	1908	1915	1951.0
89	2.38624294919984	48.8477519213904	190890	Reuilly	1		1900-07-19		1908	1950	1698.0
90	2.3941323257513	48.848218748405294	190891	Nation	6	Widely known for having the most active guillotines during the French Revolution, the square was renamed Place de la Nation on Bastille Day, 14 July 1880, under the Third Republic. The square includes a large bronze sculpture, the Triomphe de la République	1900-07-19		1908	1950	2371.0
91	2.4003411250491897	48.845511151718995	190892	Saint-Mande	6		1909-03-01	1937-03-01	1908	1915	1789.0
92	2.39959420182539	48.8425701415253	190893	Bel-Air	6		1909-03-01		1908	1950	2114.0
93	2.3956261721989103	48.8401893237494	190894	Daumesnil	6		1909-03-01		1908	1950	3343795.0
94	2.38843703616977	48.8399092275405	190895	Charenton	6		1909-03-01	1939-07-12	1908	1915	2082.0
95	2.38012751530492	48.8407961988687	190896	Bercy	6		1909-03-01		1908	1950	1166831.0
96	2.37251823496239	48.837761823272	190897	Quai de la Gare	6		1909-03-01		1908	1950	1644.0
97	2.36719640699277	48.8352409573917	190898	Chevaleret	6		1909-03-01		1908	1950	2229.0
98	2.40580300112328	48.8477519213904	190899	Porte de Vincennes	1		1900-07-19		1908	1950	1751.0
99	2.36028736717256	48.8381352848839	1908100	Saint-Marcel	5		1906-06-02		1908	1950	1641.0
100	2.36220135793356	48.8334670147351	1908101	Route Nationale	6		1909-03-01		1908	1950	1836.0
101	2.3584667418145298	48.835567736302096	1908102	Campo-Formio	5		1906-06-02		1908	1950	2136.0
102	2.35645938565055	48.8316930720786	1908103	Italie	2 Sud		1906-04-24		1908	1908	1794.0
103	2.35034395175563	48.8294989851087	1908104	Corvisart	2 Sud		1906-04-24		1908	1908	2177.0
104	2.34385505624881	48.830852783451796	1908105	La Glacière	2 Sud		1906-04-24		1908	1908	2217.0
105	2.33755289154794	48.8324399953024	1908106	Saint-Jacques	2 Sud		1906-04-24		1908	1908	2520.0
106	2.32929005338458	48.8421966799134	1908107	Vavin	4		1910-01-09		1908	1950	2502.0
107	2.33045712092178	48.8387888427048	1908108	Raspail	2 Sud		1910-01-09		1908	1908	1763.0
108	2.33162418845898	48.8386954773018	1908109	Raspail	4		1910-01-09		1908	1950	1763.0
109	2.33204433277237	48.8337004282426	1908110	Denfert-Rochereau	4	Just before the Revolution, Paris' cemeteries were bursting at the seams, spreading disease. To solve the problem, millions of bones were transferred underground into tunnels of the Paris Catacombs that sprawl beneath the Denfert-Rochereau district.	1909-10-30		1908	1950	2187.0
110	2.33204433277237	48.8346340822723	1908111	Denfert-Rochereau	2 Sud		1909-10-30		1908	1908	2187.0
111	2.33013034201136	48.83145965857121	1908112	Rue Mouton-Duvernet	4		1909-10-30		1908	1908	2367.0
112	2.32751611072804	48.82828523487	1908113	Rue d'Alésia	4		1909-10-30		1908	1908	2159.0
113	2.32634904319084	48.8241304744376	1908114	Porte d'Orleans	4		1909-10-30		1908	1950	2413.0
114	2.32485519674323	48.8407261748165	1908115	Edgar-Quinet	2 Sud		1906-04-24		1908	1908	2255.0
115	2.3520245290092	48.86622660050429	1908116	Reaumur-Sebastopol	3	The station is named after the scientist René-Antoine Ferchault de Réaumur, and for the port of Sevastopol in Crimea, the scene of the Siege of Sevastopol (1854–1855) during the Crimean War.	1908-04-21		1908	1950	1764.0
116	2.36061414608297	48.8665066967132	1908117	Temple	3		1904-10-19		1908	1950	2493.0
117	2.3210272152212204	48.8792510742194	1908118	Europe	3		1904-10-19		1908	1950	1935.0
118	2.36794333021658	48.8522451314087	1908119	La Bastille	5		1900-07-19		1908	1950	2062.0
119	2.31310991650625	48.88107279130379	1908120	Villiers	3		1902-10-07		1908	1950	1630.0
120	2.35518035138552	48.8809391718497	1908121	Gare du Nord	4		1907-11-15		1908	1950	2212.0
121	2.35700714905643	48.876911592800596	1908122	Gare de l'Est	5		1907-11-15		1908	1950	1954.0
122	2.36527134612865	48.8670685675068	1908123	Place de la République	5		1906-12-17		1908	1950	2527.0
123	2.3865291387708902	48.8629131168518	1908124	Père-Lachaise	2 Nord		1904-10-19		1908	1908	2394.0
124	2.39415730744822	48.848427189872	1908125	Nation	2 Nord	Widely known for having the most active guillotines during the French Revolution, the square was renamed Place de la Nation on Bastille Day, 14 July 1880, under the Third Republic.The square includes a large bronze sculpture, the Triomphe de la République	1900-07-19		1908	1908	2371.0
125	2.39414282547156	48.848318575046996	1908126	Nation	1	Widely known for having the most active guillotines during the French Revolution, the square was renamed Place de la Nation on Bastille Day, 14 July 1880, under the Third Republic.The square includes a large bronze sculpture, the Triomphe de la République.	1900-07-19		1908	1950	2371.0
126	2.3564211291341097	48.831741338893096	1908127	Italie	5		1906-04-24		1908	1950	1794.0
127	2.35652132741081	48.8317133765833	1908128	Italie	6		1906-04-24		1908	1950	1794.0
128	2.29505255127748	48.8748854840331	1908129	Etoile	1	Arc de Triomphe stands sentinel in the center of the Étoile (star) roundabout. The arch was first commissioned in 1806 in the style of a Roman triumphal arch, following Napoléon's victory at Austerlitz the year before.	1900-07-19		1908	1950	2030.0
129	2.29459325787708	48.8742313388871	1908130	Etoile	2 Sud		1900-07-19		1908	1908	2030.0
130	2.35211499747496	48.8662622038511	1908131	Reaumur-Sebastopol	4		1908-04-21		1908	1950	1764.0
131	2.3080047240217096	48.8830864543515	19151	Malesherbes	3		1910-05-23		1915	1950	2277.0
132	2.3030290302717003	48.8839868179824	19152	Wagram	3		1910-05-23		1915	1950	1634.0
133	2.29881153747407	48.884555468696696	19153	Péreire	3		1910-05-23		1915	1950	1786.0
134	2.29198772890263	48.8854558323277	19154	Porte de Champerret	3		1911-02-15		1915	1950	1738.0
135	2.25957463818828	48.8493465119705	19155	Auteuil	8		1913-09-30		1915	1915	2346.0
136	2.25957463818828	48.8493465119705	19155	Auteuil	10		1913-09-30		1950	1950	2346.0
137	2.2608067147359	48.84692974643471	19156	Rue Michel-Ange	8		1913-09-30		1915	1915	1816.0
138	2.2608067147359	48.84692974643471	19156	Rue Michel-Ange	10		1913-09-30		1950	1950	1816.0
139	2.2709002649144905	48.84797227274429	19157	Mirabeau	8		1913-09-30		1915	1915	1818.0
140	2.2709002649144905	48.84797227274429	19157	Mirabeau	10		1913-09-30		1950	1950	1818.0
141	2.26368057420572	48.849219342743204	19158	Rue Michel-Ange - Rue d'Auteuil	8		1913-09-30		1915	1915	2354.0
142	2.26368057420572	48.849219342743204	19158	Rue Michel-Ange - Rue d'Auteuil	10		1913-09-30		1950	1950	2354.0
143	2.2693852385557203	48.8483131330418	19159	Wilhem	8	The station will be later renamed and become Eglise d'Auteuil.	1913-09-30	1921-05-15	1915	1915	2256.0
144	2.2662952120328	48.8467384079869	191510	Chardon-Lagache	8		1913-09-30		1915	1915	2026.0
145	2.2662952120328	48.8467384079869	191510	Chardon-Lagache	10		1913-09-30		1950	1950	2026.0
146	2.27852161505377	48.8472732202697	191511	Javel	8		1913-09-30		1915	1915	2299.0
147	2.27852161505377	48.8472732202697	191511	Javel	10		1913-09-30		1950	1950	2299.0
148	2.28627639315456	48.84730293206321	191512	Beaugrenelle	8		1913-07-13	1945-07-14	1915	1915	2031.0
149	2.29409059484232	48.8473772115469	191513	Commerce	8		1937-07-27		1915	1915	3343753.0
150	2.29674980035964	48.8494867488846	191514	La Motte-Picquet - Grenelle	8		1906-04-24		1915	1950	2241.0
151	2.3016819580789103	48.852532207717296	191515	Champ de Mars	8	The grassy Champ de Mars – running southeast from the Eiffel Tower – was originally used as a parade ground for the cadets of the 18th-century École Militaire.	1913-07-13	1939-09-02	1915	1950	1536.0
152	2.3055890589228	48.8549537188867	191516	Ecole Militaire	8	The military school counts Napoléon Bonaparte among its graduates	1913-07-13		1915	1950	3343758.0
153	2.30967443052762	48.8574643654366	191517	Latour Maubourg	8		1913-07-13		1915	1950	3343759.0
154	2.31429461441525	48.8602721299214	191518	Invalides	8	The Hôtel des Invalides was built in the 1670s by Louis XIV to house 4000 invalides (disabled war veterans). On 14 July 1789, a mob broke into the building and seized 32,000 rifles before heading on to the prison at Bastille and the start of the French Revolution.	1913-07-13		1915	1950	3343761.0
155	2.32291103452723	48.866942427559785	191519	Concorde	8	Place de la Concorde was first laid out in 1755 and originally named after King Louis XV, but its royal associations meant that it took centre stage during the Revolution – Louis XVI was the first to be guillotined here in 1793.	1900-07-19		1915	1950	2172.0
156	2.32692212664833	48.868992541310604	191520	Madeleine	8	Église de la Madeleine, a neoclassical church, designed by Barthélémy Vignon in 1806 as a 'temple of glory' for Napoleon Bonaparte. The exterior, which mirrors the Assemblée Nationale on the other side of Place de la Concorde, is marked by fluted Corinthian columns, while interior highlights include a wonderful frieze of the Last Judgment and a painting of the history of Christianity by Jules-Claude Ziegler.	1913-07-13		1915	1950	1869.0
157	2.33341977870728	48.870052699335396	191521	Opera	8		1904-10-19		1915	1950	2314.0
158	2.33452834578167	48.874147537481	191522	Chaussée d'Antin	8		1923-05-27		1915	1950	2226.0
159	2.38338040979651	48.8973643609437	191523	Porte de la Villette	7 bis		1910-11-05		1915	1950	2422.0
160	2.37956367334052	48.8952984210272	191524	Pont de Flandre	7 bis	The station is renamed after 1945 to Corentin Cariou, who was shot by the Nazis as a hostage during WWII.	1910-11-05	1946-02-10	1915	1950	1985.0
161	2.37599204840005	48.8919719076023	191525	Crimée	7 bis		1910-11-05		1915	1950	2080.0
162	2.37326080579852	48.88941574465471	191526	Riquet	7 bis		1910-11-05		1915	1950	1703.0
163	2.3688137825883304	48.885423928544704	191527	La Villette	7 bis		1910-11-05	1942-10-06	1915	1950	2484.0
164	2.3931498544866203	48.881537160227204	191528	Place du Danube	7		1911-01-18		1915	1950	1635.0
165	2.398717387482049	48.8798563955493	191529	Pre Saint Gervais	7		1911-01-18		1915	1950	1756.0
166	2.39251956773242	48.8760746750241	191530	Place des Fêtes	7		1935-04-28		1915	1950	2408.0
167	2.38817759231459	48.8793311565875	191531	Botzaris	7		1911-01-18		1915	1950	2002.0
168	2.38113939022602	48.878420742387	191532	Buttes Chaumont	7		1911-01-18		1915	1950	2013.0
169	2.3754317935074303	48.8808368416114	191533	Bolivar	7	During WWI, Parisians often took sanctuary in the Métro stations to escape bombardments. On March 11 1918, a German bombing raid causes a panic in the Bolivar station, killing 71 persons.	1911-01-18		1915	1950	2075.0
170	2.36464495716522	48.881595216613995	191534	Louis Blanc	7 bis		1911-01-18		1915	1950	1861.0
171	2.36920376315675	48.88267058210339	190866	Avenue Jean Jaurès	2		1903-01-31	1914-08-01	1915	1950	1900.0
172	2.3621607557384303	48.8793311565875	191536	Château Landon	7		1910-11-05		1915	1950	2546.0
173	2.3572611819091898	48.8768000179626	191537	Gare de l'Est	7		1907-11-15		1915	1950	1954.0
174	2.34941495693127	48.87810559900989	191538	Poissonnière	7		1910-11-05		1915	1950	2373.0
175	2.34465279034398	48.8768450255015	191539	Cadet	7		1910-11-05		1915	1950	2015.0
176	2.34059094237247	48.8757245157162	191540	Le Peletier	7		1910-11-05		1915	1950	1849.0
177	2.32722321920131	48.846365703058794	191541	Saint-Placide	4	Station renamed from Vaugirard to Saint-Placide in honor of saint Placide, a disciple of saint Benoît.	1913-11-15		1915	1950	1731.0
178	2.33360657323175	48.8701678528548	191542	Opéra	7		1904-10-19		1915	1950	2314.0
179	2.36964081883208	48.8834223704603	191543	Avenue Jean-Jaurès	7		1914-08-01		1915	1950	1900.0
180	2.33013034201136	48.83145965857121	1908112	Mouton-Duvernet	4		1909-10-30		1915	1950	2367.0
181	2.32751611072804	48.82828523487	1908113	Alésia	4		1909-10-30		1915	1950	2159.0
182	2.3076931414676003	48.845227609774284	190834	Sèvres-Lecourbe	5		1906-04-24		1915	1950	1665.0
183	2.35099750957646	48.8844445247599	190861	Barbès-Rochechouart	2		1903-01-31		1915	1915	2061.0
184	2.34938409021111	48.884356902681	190830	Barbès-Rochechouart	4	In this station, the French resistance launched its first attack against the Nazi occupier during World War II.	1903-01-31		1915	1950	2061.0
185	2.36410863601674	48.88220484091561	191549	Louis Blanc	7		1911-01-18		1915	1950	1861.0
186	2.3288268021209904	48.8480454311948	190856	Rennes	4		1910-01-09	1913-11-15	1915	1950	1731.0
187	2.28643708426509	48.887639752581904	19501	Louis-Michel	3	This is the only station in Paris named after a woman until 2007, when Pierre Curie station renamed to Pierre et Marie Curie.	1937-09-24		1950	1950	1862.0
188	2.28340663349282	48.890466230706	19502	Anatole France	3		1937-09-24		1950	1950	2163.0
189	2.27819076149054	48.8964979933008	19503	Pont de Levallois-Bécon	3		1937-09-24		1950	1950	2341.0
190	2.2472160579239704	48.835626727307904	19504	Marc Sembat	9		1934-02-03		1950	1950	1884.0
191	2.25642396603971	48.8391816791753	19505	Porte de Saint-Cloud	9		1923-09-29		1950	1950	2425.0
192	2.25881335991785	48.8425326583947	19506	Exelmans	9		1922-11-08		1950	1950	2261.0
193	2.2607948084997203	48.8456505260161	19507	Michel-Ange - Molitor	9		1913-09-30		1950	1950	1816.0
194	2.26251400653399	48.848360448341296	19508	Michel-Ange - Auteuil	9		1913-09-30		1950	1950	2354.0
195	2.26711796059186	48.8522650676056	19509	Jasmin	9		1922-11-08		1950	1950	2295.0
196	2.26892457547533	48.855324657327614	195010	Ranelagh	9		1922-11-08		1950	1950	1762.0
197	2.2741113085278704	48.8580928575523	195011	Muette	9		1922-11-08		1950	1950	2242.0
198	2.27775367724454	48.864095481197396	195012	Pompe	9		1923-05-27		1950	1950	2226.0
199	2.29322645955296	48.864328592795204	195013	Iena	9		1923-05-27		1950	1950	1895.0
200	2.2998992790419	48.864911371789894	195014	Alma-Marceau	9		1923-05-27		1950	1950	2162.0
201	2.30849526921325	48.8684371847076	195015	Franklin D. Roosevelt	9		1946-10-30		1950	1950	2200.0
202	2.30928202085605	48.872545776619994	195016	Saint Philippe du Roule	9		1923-05-27		1950	1950	1730.0
203	2.3155468950487204	48.8739444462072	195017	Miromesnil	9		1923-05-27		1950	1950	1820.0
204	2.3215786576435296	48.874410669403	195018	Saint Augustin	9		1923-05-27		1950	1950	2460.0
205	2.32863028347901	48.87385702935799	195019	Havre-Caumartin	9	The station name changed from Caumartin to Havre-Caumartin in-between 1915 and 1950. This station is home to Printemps. Spread across three buildings, the upscale department store has been luring shoppers since 1865.	1904-10-19		1950	1950	2286.0
206	2.3344289344759503	48.87280802716759	195020	Chausee d'Antin	9		1923-05-27		1950	1950	2226.0
207	2.33990705702582	48.871962997625396	195021	Richelieu Drouot	9	Hôtel Drouot is Paris' over a century old auction house. With everything from old clothes to haute couture gowns and from tchotchkes to ornate Chinese lacquered boxes, rare books, and wine, Drouot sells it all.	1928-06-30		1950	1950	1702.0
208	2.34360770364196	48.8714093575804	195022	Montmartre	9	The station renamed to Grands Boulevards to avoid confusion suggesting that the station was in the Montmartre district.	1931-05-05	1998-09-01	1950	1950	1712.0
209	2.3484739082474304	48.87056432803821	195023	Bonne Nouvelle	9		1931-05-05		1950	1950	2190.0
210	2.35441825399304	48.8693696310991	195024	Strasbourg - Saint-Denis	9		1908-04-21		1950	1950	1678.0
211	2.36281027151625	48.86776698886379	195025	Republique	9		1906-12-17		1950	1950	2527.0
212	2.37035725949719	48.86394978644871	195026	Oberkampf	9		1906-12-17		1950	1950	2310.0
213	2.37531088095186	48.8605405293299	195027	Saint Ambroise	9		1933-12-10		1950	1950	1714.0
214	2.3800896687081403	48.8577140512058	195028	Voltaire	9		1933-12-10		1950	1950	2513.0
215	2.38568434705694	48.8545961835843	195029	Charonne	9		1933-12-10		1950	1950	2151.0
216	2.3888022146784103	48.8527312908014	195030	Boulets Montreuil	9		1933-12-10		1950	1950	2454.0
217	2.39623264686042	48.84914719998421	195031	Nation	9		1900-07-19		1950	1950	2371.0
218	2.4010114346167	48.8515948717618	195032	Buzenval	9		1933-12-10		1950	1950	2133.0
219	2.40648955716657	48.852673012901896	195033	Maraichers	9		1933-12-10		1950	1950	1882.0
220	2.41222993026404	48.8535180424442	195034	Porte de Montreuil	9		1933-12-10		1950	1950	1745.0
221	2.27594706236107	48.8361220894533	195035	Balard	8		1937-07-27		1950	1950	3343335.0
222	2.2817165744082795	48.8383075106834	195036	Lourmel	8		1937-07-27		1950	1950	3343336.0
223	2.28731125275709	48.8403763761144	195037	Boucicaut	8		1937-07-27		1950	1950	3343339.0
224	2.2920609015636297	48.8425617973444	195038	Saint Jean-Baptiste	8		1937-07-27		1950	1950	3343746.0
225	2.29439201754229	48.8448637743734	195039	Commerce	8		1937-07-27		1950	1950	3343753.0
226	2.2987628600023	48.8492346168334	195040	La Motte-Pichet Grenelle	8		1906-04-24		1950	1950	2241.0
227	2.33990705702582	48.871962997625396	195041	Drouot	8		1928-06-30		1950	1950	1702.0
228	2.33989809971059	48.8717547010664	195042	Drouot	8		1928-06-30		1950	1950	1702.0
229	2.34829907454903	48.8700981048424	195043	Bonne Nouvelle	8		1931-05-05		1950	1950	2190.0
230	2.3541268644957003	48.8690782416018	195044	Strasbourg - Saint-Denis	8		1908-04-21		1950	1950	1678.0
231	2.35774009426264	48.868408045757896	195045	Saint Martin	8	Station closed in 1938 due to close proximity to station Strasbourg-Saint-Denis. In 1999, the RATP will refurbish the station's eastern entrance area into a homeless shelter run by the Salvation Army.	1931-05-05	1939-09-02	1950	1950	1783.0
232	2.35820631745837	48.8690199637023	195046	Saint Martin	9	Station closed in 1938 due to close proximity to station Strasbourg-Saint-Denis. In 1999, the RATP will refurbish the station's eastern entrance area into a homeless shelter run by the Salvation Army.	1931-05-05	1939-09-02	1950	1950	1783.0
233	2.36196524197398	48.8675921551654	195047	République	8		1906-12-17		1950	1950	2527.0
234	2.36607383388638	48.8631921737556	195048	Filles du Calvaire	8		1931-05-05		1950	1950	3343779.0
235	2.36744336452385	48.86033655668179	195049	Debastien Froissard	8		1931-05-05		1950	1950	3343781.0
236	2.36767647612172	48.8567816048143	195050	Chemin Vert	8		1931-05-05		1950	1950	3343783.0
237	2.36901686780946	48.85366373719279	195051	Bastille	8		1900-07-19		1950	1950	2062.0
238	2.3751943251529304	48.85115778751571	195052	Ledru-Rollin	8		1931-05-05		1950	1950	3343788.0
239	2.3843148164194705	48.850167063224795	195053	Faidherbe-Chaligny	8		1931-05-05		1950	1950	3343789.0
240	2.38703930821954	48.8476174051231	195054	Reuilly-Diderot	8		1900-07-19		1950	1950	1698.0
241	2.39024459269022	48.8446452322503	195055	Montgallet	8		1931-05-05		1950	1950	3343793.0
242	2.39581013208929	48.8398081665946	195056	Daumesnil	8		1909-03-01		1950	1950	3343795.0
243	2.4042895664617	48.836632021073704	195057	Michel-Bizot	8		1931-05-05		1950	1950	3343798.0
244	2.40662068244037	48.8349711009389	195058	Porte Dorée	8		1931-05-05		1950	1950	3343799.0
245	2.39977302925303	48.8320280670158	195059	Porte de Charenton	8		1931-05-05		1950	1950	3343801.0
246	2.4079319351783703	48.8261128602199	195060	Liberté	8		1942-10-05		1950	1950	3343804.0
247	2.35935730597284	48.897736398664506	195061	Porte de la Chapelle	12		1916-08-23		1950	1950	2421.0
248	2.36066855871084	48.890422522281504	195062	Marx-Dormoy	12		1916-08-23		1950	1950	2282.0
249	2.35131495584643	48.8911218570751	195063	Marcadet-Poissonniers	12		1908-04-21		1950	1950	2535.0
250	2.34397194051362	48.8924913877125	195064	J.Joffrin	12		1912-10-30		1950	1950	2267.0
251	2.33852295691348	48.889460936940296	195065	Lamarck-Caulaincourt	12		1912-10-30		1950	1950	2245.0
252	2.33820242846642	48.88471128813371	195066	Abbesses	12	With 36 meters underground, this station is the deepest metro station in Paris	1912-10-30		1950	1950	2156.0
253	2.3376779273712205	48.8822927553058	195067	Pigalle	12		1902-10-07		1950	1950	1792.0
254	2.3373282599744103	48.8786503865892	195068	Saint Georges	12		1911-04-08		1950	1950	1720.0
255	2.33852295691348	48.875911325314206	195069	Notre Dame de Lorette	12		1910-11-05		1950	1950	2308.0
256	2.3324329164192097	48.87620271481161	195070	Trinité	12		1910-11-05		1950	1950	2496.0
257	2.32707134966827	48.875561657917395	195071	Gare Saint Lazare	12		1904-10-19		1950	1950	2468.0
258	2.32392434309706	48.866441166650894	195072	Concorde	12		1900-07-19		1950	1950	2172.0
259	2.32115614287239	48.861021322000504	195073	Chemin des Députés	12	Station is now renamed to Assemblée Nationale to reflect the updated name of the Chamber of Deputies.	1910-11-05	1989-06-30	1950	1950	2101.0
260	2.32310845250453	48.8591272902678	195074	Solferino	12		1910-11-05		1950	1950	2479.0
261	2.32672168227147	48.8551061152046	195075	Bac	12		1910-11-05		1950	1950	1710.0
262	2.32774154551214	48.851696858085795	195076	Sèvres-Babylone	12		1910-11-05		1950	1950	1666.0
263	2.32826604660734	48.8498028263531	195077	Rennes	12		1910-11-05		1950	1950	2526.0
264	2.3295481603956003	48.844499537501704	195078	Notre Dame des Champs	12		1910-11-05		1950	1950	1842.0
265	2.32278792405746	48.8445578154011	195079	Montparnasse	12		1910-01-09		1950	1950	1824.0
266	2.31803827525092	48.844295564853496	195080	Falguière	12		1910-11-05		1950	1950	2263.0
267	2.31302637589678	48.842751200517704	195081	Pasteur	12		1906-04-24		1950	1950	2392.0
268	2.3076939480955803	48.8411485582823	195082	Volontaires	12		1910-11-05		1950	1950	1632.0
269	2.30215754764624	48.839487638147496	195083	Vaugirard	12		1910-01-09	1913-11-15	1950	1950	1731.0
270	2.2966211471969	48.8371856611186	195084	Convention	12		1910-11-05		1950	1950	2174.0
271	2.28808343492502	48.8324651512618	195085	Porte de Versaille	12		1910-11-05		1950	1950	1750.0
272	2.30597475006131	48.8485789904643	195086	Segur	10		1937-07-27		1950	1950	2541.0
273	2.31617338246799	48.8466849587317	195087	Duroc	10		1923-12-30		1950	1950	2252.0
274	2.32063164177719	48.8484041567659	195088	Vaneau	10		1923-12-30		1950	1950	2500.0
275	2.3270130717688	48.8510849401414	195089	Sèvres-Babylone	10		1910-11-05		1950	1950	1666.0
276	2.33080113523414	48.8519299696837	195090	Croix-Rouge	10	The station closed during WWII and never reopened due to its proximity to the station Sèvres – Babylone.	1923-12-30	1939-09-02	1950	1950	8459.0
277	2.3353759503422795	48.852221359181	195091	Mabillon	10		1925-03-10		1950	1950	2334.0
278	2.3394554033049504	48.8523379149799	195092	Odeon	10		1910-01-09		1950	1950	2533.0
279	2.34443816370936	48.8509683843425	195093	Cluny	10	Initially the residential quarters of the Cluny Abbots, the Hôtel de Cluny was later occupied by Alexandre du Sommerard, who moved here in 1833 with his collection of medieval and Renaissance objects. Bought by the state after his death, the museum opened a decade later, retaining the Hôtel de Cluny's original layout and features. Today it holds some fascinating relics, not least of which is an entire room (No 8) dedicated to statuary from Notre Dame's façade, removed during the Revolution and later used to support the foundations of a private mansion.	1930-02-15		1950	1950	1977.0
280	2.3489255619683	48.849890243202296	195094	Saint Germain	10		1930-02-15		1950	1950	1811.0
281	2.35227654118763	48.846277013435405	195095	Card Lemoine	10		1931-04-26		1950	1950	2018.0
282	2.35661824469791	48.84601476288779	195096	Lemoine Jussieu	10		1931-04-26		1950	1950	1908.0
283	2.36396126003071	48.843130006864214	195097	Gare d'Orléans - Austerliz	10		1906-06-02	1930-10-15	1950	1950	1951.0
284	2.374859227231	48.81760428689779	195098	Pierre Curie	7		1946-05-01		1950	1950	2400.0
285	2.36874004778699	48.82089698821761	195099	Porte d'Ivry	7		1931-04-26		1950	1950	2412.0
286	2.3643983442767205	48.8192360680828	1950100	Porte de Choisy	7		1930-03-07		1950	1950	1740.0
287	2.3599692239172403	48.8183327606411	1950101	Porte d'Italie	7		1930-03-07		1950	1950	1808.0
288	2.35749241318991	48.8220042683075	1950102	La Maison Blanche	7		1930-03-07		1950	1950	2272.0
289	2.35688049524551	48.8256757759739	1950103	Tolbiac	7		1930-03-07		1950	1950	1685.0
290	2.35484076876417	48.8322320396639	1950104	Place d'Italie	7		1906-04-24		1950	1950	1794.0
291	2.3519851516903	48.83587440838061	1950105	Gobelins	7		1930-02-15		1950	1950	1854.0
292	2.35186859589137	48.840857168785	1950106	Censier Daubenton	7	The name Censier derived from the original name Rue Sans Chef, which means 'cul-de-sac' (dead-end).	1930-02-15		1950	1950	2020.0
293	2.3521891243384303	48.8437710637583	1950107	Monge	7		1930-02-15		1950	1950	2529.0
294	2.35676393944657	48.84549026179261	1950108	Lemoine Jussieu	7		1931-04-26		1950	1950	1908.0
295	2.36119305980604	48.851376329638704	1950109	Sully-Morland	7		1930-06-03		1950	1950	1681.0
296	2.35714274579311	48.853153805572504	1950110	Place Marie	7		1926-04-16		1950	1950	2344.0
297	2.3466527238890897	48.8570875637865	1950111	Châtelet	7		1900-07-19		1950	1950	1966.0
298	2.3415825466354905	48.858340538625	1950112	Pont Neuf	7		1926-04-16		1950	1950	1806.0
299	2.33540508929201	48.863614688526795	1950113	Palais Royal	7		1900-07-19		1950	1950	2383.0
300	2.33377330810694	48.86641202770121	1950114	Pyramides	7		1916-07-01		1950	1950	2435.0
301	2.3286739919036	48.8970370638709	1950116	Porte de Saint Ouen	13		1911-02-26		1950	1950	1748.0
302	2.3271879054672	48.892083442416286	1950117	Guy Mocquet	13	The station is renamed from Marcadet - Balagny to Guy Môquet who was a member of the French Resistance and killed at the age of seventeen.	1911-02-26		1950	1950	1888.0
303	2.31416279493639	48.89400661309871	1950118	Porte de Clichy	13		1912-01-20		1950	1950	2419.0
304	2.32007800173226	48.89050993913071	1950119	Brochant	13		1912-01-20		1950	1950	2009.0
305	2.32578923588	48.8873629325595	1950120	La Fourche	13		1911-02-26		1950	1950	2536.0
306	2.3277124065624	48.8834874522449	1950121	Clichy	13		1902-10-07		1950	1950	1796.0
307	2.3273627391656	48.8792914434833	1950122	Liège	13	The station was called Berlin before the outbreak of WWI	1911-02-26		1950	1950	2325.0
308	2.32578923588	48.8755325189677	1950123	Gare Saint Lazare	13		1904-10-19		1950	1950	2468.0
309	2.3148329907802503	48.8607007935534	1950124	Invalides	14		1913-07-13		1950	1950	3343761.0
310	2.3156488813727902	48.856009422646295	1950125	Varenne	14		1923-12-30		1950	1950	2518.0
311	2.31509524132785	48.8519299696837	1950126	Saint Francois-Xavier	14		1923-12-30		1950	1950	2464.0
312	2.3167853004123904	48.8474425714247	1950127	Duroc	14		1923-12-30		1950	1950	2252.0
313	2.32127269867133	48.8430717289647	1950128	Montparnasse Bienvenüe	14	The station was renamed from Montparnasse to Montparnasse-Bienvenüe in-between 1915 and 1950. Fulgence Bienvenüe (1852-1936) is an engineer who studied at the prestigious Ecole polytechnique and Ponts et Chaussées engineering schools. His major achievement, however, is the Paris metro, which he designed in 1896.	1910-01-09		1950	1950	1824.0
314	2.32284620195693	48.838584330705785	1950129	Gaité	14		1937-01-21		1950	1950	2203.0
315	2.31873761004452	48.8340095155976	1950130	Pernety	14		1937-01-21		1950	1950	1787.0
316	2.31323034854492	48.83106648167461	1950131	Plaisance	14		1937-01-21		1950	1950	2372.0
317	2.30623700060891	48.8277737803547	1950132	Porte de Vanves	14		1937-01-21		1950	1950	2427.0
318	2.34557458274896	48.8582239828261	1950133	Châtelet	11		1900-07-19		1950	1950	1966.0
319	2.3521017074892403	48.858020010178	1950134	Hôtel-de-Ville	11		1900-07-19		1950	1950	1892.0
320	2.35379176657377	48.8615749620454	1950135	Rambuteau	11		1935-04-28		1950	1950	2439.0
321	2.35661824469791	48.865013358114005	1950136	Arts-et-Métiers	11		1904-10-19		1950	1950	2051.0
322	2.36387384318152	48.86746102989161	1950137	République	11		1906-12-17		1950	1950	2527.0
323	2.37080891321806	48.869675590071296	1950138	Goncourt	11		1935-04-28		1950	1950	1963.0
324	2.37614134101927	48.8716278997034	1950139	Belleville	11		1903-01-31		1950	1950	2115.0
325	2.38575719443128	48.87363848723501	1950140	Pyrénées	11		1935-04-28		1950	1950	2436.0
326	2.3898657863436803	48.874745767324896	1950141	Jourdain	11		1935-04-28		1950	1950	1905.0
327	2.39307107081435	48.8758821863645	1950142	Place des Fêtes	11		1935-04-28		1950	1950	2408.0
328	2.39834522071609	48.8754742410683	1950143	Télégraphe	11		1935-04-28		1950	1950	1682.0
329	2.40705776668637	48.8771351612031	1950144	Porte des Lilas	11		1935-04-28		1950	1950	1752.0
330	2.41649878639998	48.87990336142771	1950145	Mairie des Lilas	11		1937-02-17		1950	1950	2271.0
331	2.40134653253863	48.868830560529005	1950146	Pelleport	3		1921-11-27		1950	1950	1783.0
332	2.40426042751197	48.8719484281505	1950147	Saint Fargeau	3		1921-11-27		1950	1950	1718.0
333	2.40618359819437	48.876464965359204	1950148	Porte des Lilas	3		1935-04-28		1950	1950	1752.0
334	2.27179924493941	48.8805231033281	1950149	Sablons	1		1937-04-29		1950	1950	2323.0
335	2.26001002341884	48.884059869784295	1950150	Pont de Neuilly	1		1937-04-29		1950	1950	1803.0
336	2.37054017269653	48.88256144972011	1950151	Jaurès	5		1914-08-01		1950	1950	1900.0
337	2.37969820869756	48.884694143035404	1950152	Laumière	5		1942-10-12		1950	1950	1922.0
338	2.38584538354757	48.8862413911269	1950153	Ourcq	5		1942-10-12		1950	1950	1772.0
339	2.39299617878125	48.8882068143783	1950154	Porte de Pantin	5		1942-10-12		1950	1950	2424.0
340	2.40223784981425	48.89054859527351	1950155	Hoche	5		1942-10-12		1950	1950	1891.0
341	2.4110613456873904	48.8926394710728	1950156	Eglise de Pantin	5		1942-10-12		1950	1950	2257.0
342	2.367942979103	48.884937463049404	1950157	Stalingrad	5	Stations Aubervilliers and La Villette were merged into one station called Aubervilliers - Boulevard de la Villette. After WWII, the station is renamed to Stalingrad in honor of the Soviet victory at the Battle of Stalingrad.	1946-02-10		1950	1950	2484.0
343	2.28828859850403	48.875327065856396	19085	Argentine	1		1900-07-19	1948-05-25	1950	1950	2048.0
344	2.34908351881546	48.8914002472816	190864	Marcadet-Poissonniers	4		1908-04-21		1950	1950	2535.0
345	2.3000722153532003	48.8714205407053	190812	George V	1	The station was named after the Battle of Alma - a Franco-British victory against the Russians in the Crimean War in 1854.	1900-07-19	1920-05-27	1950	1950	1961.0
346	2.30796919192314	48.869077622102786	190815	Franklin D. Roosevelt	1		1900-07-19	1946-10-30	1950	1950	1946.0
347	2.31345686710034	48.867385932762396	190818	Champs-Elysées - Clémenceau	1	The station was named for the Elysian Fields - 'heaven' in Greek mythology. The boulevard was laid out in the 17th century and is part of the axe historique, linking place de la Concorde with the Arc de Triomphe.	1900-07-19		1950	1950	2544.0
348	2.32908296770467	48.873277741187	190827	Havre-Caumartin	3		1904-10-19		1950	1950	2286.0
349	2.34340373099382	48.870972273334395	1950158	Montmartre	8		1931-05-05	1998-09-01	1950	1950	1712.0
350	2.3539950707173	48.869435257431796	190839	Strasbourg - Saint-Denis	4		1908-04-21		1950	1950	1678.0
351	2.37069760960436	48.8776288503427	190867	Colonel Fabien	2		1903-01-31	1945-08-19	1950	1950	1978.0
352	2.4003411250491897	48.845511151718995	190892	Picpus	6		1909-03-01	1937-03-01	1950	1950	1789.0
353	2.38843703616977	48.8399092275405	190895	Dugommier	6		1909-03-01	1939-07-12	1950	1950	2082.0
354	2.3643954449035003	48.8427568723312	190889	Gare d'Orléans - Austerlitz	5		1906-06-02	1930-10-15	1950	1950	1951.0
355	2.36663621457492	48.8463047576443	190888	Quai de la Rapée	5		1906-07-14	1916-06-01	1950	1950	1759.0
356	2.3208856690269903	48.84164129160279	190858	Montparnasse - Bienvenüe	6		1906-04-24	1933-06-30	1950	1950	4944.0
357	2.32562473232502	48.8432423265008	190857	Montparnasse - Bienvenüe	4		1910-01-09		1950	1950	1824.0
358	2.2970622697449903	48.848685845154	190832	La Motte-Picquet - Grenelle	6		1906-04-24		1950	1950	2241.0
359	2.2889930538591496	48.8540012810153	190823	Bir-Hakeim	6		1906-04-24		1950	1950	2069.0
360	2.2693852385557203	48.8483131330418	19159	Eglise d'Auteuil	10	The station will be later renamed and become Eglise d'Auteuil.	1913-09-30	1921-05-15	1950	1950	2256.0
361	2.28627639315456	48.84730293206321	191512	Charles Michels	10		1913-07-13	1945-07-14	1950	1950	2031.0
362	2.29409059484232	48.8473772115469	191513	Emile Zola	10		1937-07-27		1950	1950	3343753.0
363	2.2775936853855	48.8722530788523	19082	Porte Dauphine	2		1900-12-13		1915	1950	2414.0
364	2.27746560259366	48.8707801267461	19083	Porte Dauphine	2		1900-12-13		1915	1950	2414.0
365	2.28559885987542	48.8699475885992	19084	Victor Hugo	2	The station is named after Victor Hugo (1802-1885), a poet, writer, member of the French national assembly and later senator.	1900-12-13		1915	1950	2504.0
366	2.2951410278674103	48.8747506932931	19086	Etoile	2		1900-07-19		1915	1950	2030.0
367	2.2985352218511297	48.8780808458809	19087	Ternes	2		1902-10-07		1915	1950	1684.0
368	2.30327428514916	48.879169549611596	19088	Courcelles	2		1902-10-07		1915	1950	2179.0
369	2.30814143123904	48.8805144189259	19089	Monceau	2		1902-10-07		1915	1950	1822.0
370	2.31307261872483	48.881218874281	190810	Villiers	2		1902-10-07		1915	1950	1630.0
371	2.29219512365511	48.87058800255841	190811	Kleber	5		1900-10-02		1915	1915	2234.0
372	2.29219512365511	48.87058800255841	190811	Kleber	6		1900-10-02		1950	1950	2234.0
373	2.28976155061018	48.8672578499706	190813	Boissière	5		1900-10-02		1915	1915	2122.0
374	2.28976155061018	48.8672578499706	190813	Boissière	6		1900-10-02		1950	1950	2122.0
375	2.31941271692084	48.882179495219795	190814	Rome	2		1902-10-07		1915	1950	1707.0
376	2.28764818454484	48.86418386296639	190816	Trocadero	5	For the Exposition Internationale of 1937, the old Palais du Trocadéro was partially demolished and rebuilt as the Palais de Chaillot which now tops the hill.	1900-10-02		1915	1915	1687.0
377	2.28764818454484	48.86418386296639	190816	Trocadero	6	For the Exposition Internationale of 1937, the old Palais du Trocadéro was partially demolished and rebuilt as the Palais de Chaillot which now tops the hill.	1900-10-02		1950	1950	1687.0
378	2.2847663217284704	48.858676302917395	190817	Passy	5		1903-11-05		1915	1915	1780.0
379	2.2847663217284704	48.858676302917395	190817	Passy	6		1903-11-05		1950	1950	1780.0
380	2.32773809839036	48.883972654305495	190819	Clichy	2		1902-10-07		1915	1950	1796.0
381	2.33177270633328	48.883972654305495	190820	Blanche	2	The station is home to the famous Moulin Rouge, which was co-founded in 1889 by businessmen Charles Zidler and Joseph Oller.	1902-10-07		1915	1950	2120.0
382	2.33740834917419	48.8826918263871	190821	Pigalle	2		1902-10-07		1915	1950	1792.0
383	2.2889930538591496	48.8540012810153	190823	Grenelle	5		1906-04-24		1915	1915	2069.0
384	2.2889930538591496	48.8540012810153	190823	Grenelle	6		1906-04-24		1950	1950	2069.0
385	2.34426077853756	48.883396281742286	190829	Anvers	2	The station is home to Élysée Montmartre, a ballroom inaugurated in 1807. It was made famous by the quadrille naturaliste - later to become the French Cancan - a frenetic dance in which the women throw up their skirts in time to the music.	1902-10-07		1915	1950	2046.0
386	2.29283553761431	48.8501587972601	190831	Dupleix	5		1906-04-24		1915	1915	2251.0
387	2.29283553761431	48.8501587972601	190831	Dupleix	6		1906-04-24		1950	1950	2251.0
388	2.2970622697449903	48.848685845154	190832	Motte-Picquet	5		1906-04-24		1915	1915	2241.0
389	2.2970622697449903	48.848685845154	190832	Motte-Picquet	6		1906-04-24		1950	1950	2241.0
390	2.30128900187566	48.847276934443705	190833	Cambronne	5		1906-04-24		1915	1915	2135.0
391	2.30128900187566	48.847276934443705	190833	Cambronne	6		1906-04-24		1950	1950	2135.0
392	2.3076931414676003	48.845227609774284	190834	Sèvres	5		1906-04-24		1915	1915	1665.0
393	2.3076931414676003	48.845227609774284	190834	Sèvres	6		1906-04-24		1950	1950	1665.0
394	2.3208856690269903	48.84164129160279	190858	Maine	5		1906-04-24	1933-06-30	1915	1915	4944.0
395	2.31225086734149	48.8414730980403	190859	Pasteur	5		1906-04-24		1915	1915	2392.0
396	2.31225086734149	48.8414730980403	190859	Pasteur	6		1906-04-24		1950	1950	2392.0
397	2.35916698233685	48.8851447652823	190862	La Chapelle	2		1903-01-31		1915	1950	2235.0
398	2.3642087140975403	48.885051399879295	190863	Aubervilliers	2		1903-01-31	1946-02-10	1915	1950	2484.0
399	2.37069760960436	48.8776288503427	190867	Combat	2		1903-01-31	1945-08-19	1915	1915	1978.0
400	2.37620616837994	48.87212029156711	190870	Belleville	2		1903-01-31		1915	1950	2115.0
401	2.37975405369302	48.8689925505674	190871	Couronnes	2	The station was the site of a fire and stampede that caused the worst catastrophe in the history of the Paris Metro, killing 84 people on 10 August 1903. Indeed, a technical problem triggered a fire in-between two stations. Passengers were evacuated at the Couronnes station but people remained on the platform, asking for a ticket refund. Suddenly, light went out and left place to the panic movement of the crowd that led to the disaster.	1903-01-31		1915	1950	2128.0
402	2.3834886698120497	48.8666117327915	190872	Menilmontant	2		1903-01-31		1915	1950	2351.0
403	2.38932400749804	48.8585823081356	190875	Philippe-Auguste	2		1903-01-31		1915	1950	2398.0
404	2.39361881603493	48.856248173061196	190877	Bagnolet	2	The station will be later renamed from Bagnolet to Alexandre Dumas, a French writer.	1903-01-31	1970-09-13	1915	1950	2041.0
405	2.39660650893016	48.852466874240704	190886	Avron	2		1903-04-02		1915	1950	2107.0
406	2.35645938565055	48.8316930720786	1908103	Italie	5		1906-04-24		1915	1915	1794.0
407	2.35645938565055	48.8316930720786	1908103	Italie	6		1906-04-24		1950	1950	1794.0
408	2.35034395175563	48.8294989851087	1908104	Corvisart	5		1906-04-24		1915	1915	2177.0
409	2.35034395175563	48.8294989851087	1908104	Corvisart	6		1906-04-24		1950	1950	2177.0
410	2.34385505624881	48.830852783451796	1908105	La Glacière	5		1906-04-24		1915	1915	2217.0
411	2.34385505624881	48.830852783451796	1908105	La Glacière	6		1906-04-24		1950	1950	2217.0
412	2.33755289154794	48.8324399953024	1908106	Saint-Jacques	5		1906-04-24		1915	1915	2520.0
413	2.33755289154794	48.8324399953024	1908106	Saint-Jacques	6		1906-04-24		1950	1950	2520.0
414	2.33045712092178	48.8387888427048	1908108	Raspail	5		1910-01-09		1915	1915	1763.0
415	2.33045712092178	48.8387888427048	1908108	Raspail	6		1910-01-09		1950	1950	1763.0
416	2.33204433277237	48.8346340822723	1908111	Denfert-Rochereau	5		1909-10-30		1915	1915	2187.0
417	2.33204433277237	48.8346340822723	1908111	Denfert-Rochereau	6		1909-10-30		1950	1950	2187.0
418	2.32485519674323	48.8407261748165	1908115	Edgar-Quinet	5		1906-04-24		1915	1915	2255.0
419	2.32485519674323	48.8407261748165	1908115	Edgar-Quinet	6		1906-04-24		1950	1950	2255.0
420	2.3865291387708902	48.8629131168518	1908124	Père-Lachaise	2		1904-10-19		1915	1950	2394.0
421	2.39415730744822	48.848427189872	1908125	Nation	2	Widely known for having the most active guillotines during the French Revolution, the square was renamed Place de la Nation on Bastille Day, 14 July 1880, under the Third Republic.The square includes a large bronze sculpture, the Triomphe de la République	1900-07-19		1915	1950	2371.0
422	2.29459325787708	48.8742313388871	1908130	Etoile	5		1900-07-19		1915	1915	2030.0
423	2.29459325787708	48.8742313388871	1908130	Etoile	6		1900-07-19		1950	1950	2030.0
